_id,id,title,description,date,readTime,likes,imageKey,tags[0],tags[1],blogTags[0],blogTags[1],blogTags[2],blogTags[3],points[0],heading,subheading,introduction,detailImageKey,subtitle,subttileHead[0].name,subttileHead[1].name,subttileHead[2].name,subttileHead[3].name,subttileHead[4].name,subttileHead[5].name,subttileHead[0].benefits[0],subttileHead[0].benefits[1],subttileHead[1].benefits[0],subttileHead[1].benefits[1],subttileHead[2].benefits[0],subttileHead[2].benefits[1],subttileHead[0].benefits[2],subttileHead[1].benefits[2],subttileHead[3].benefits[0],subttileHead[3].benefits[1],subttileHead[1].benefits[3],subttileHead[2].benefits[2],subttileHead[2].benefits[3],subttileHead[3].benefits[2],subttileHead[3].benefits[3],subttileHead[3].benefits[4],subttileHead[4].benefits[0],subttileHead[4].benefits[1],subttileHead[4].benefits[2],subttileHead[4].benefits[3],subttileHead[4].benefits[4],subttileHead[1].benefits[4],subttileHead[0].benefits[3],subttileHead[0].benefits[4],subttileHead[0].benefits[5],subttileHead[0].benefits[6],subttileHead[0].benefits[7],subttileHead[1].benefits[5],subttileHead[1].benefits[6],subttileHead[1].benefits[7],subtitle2,subttileHead2[0].section,subttileHead2[1].section,subttileHead2[2].section,subttileHead2[3].section,subttileHead2[0].benefits[0],subttileHead2[1].benefits[0],subttileHead2[1].benefits[1],subttileHead2[2].benefits[0],subttileHead2[2].benefits[1],subttileHead2[3].benefits[0],subttileHead2[4].benefits[0],subttileHead2[4].benefits[1],subttileHead2[0].benefits[1],subttileHead2[0].benefits[2],subttileHead2[0].benefits[3],subttileHead2[1].benefits[2],subttileHead2[1].benefits[3],subttileHead2[0].benefits[4],subttileHead2[0].benefits[5],subttileHead2[0].benefits[6],subttileHead2[0].benefits[7],subttileHead2[1].benefits[4],subttileHead2[1].benefits[5],subttileHead2[1].benefits[6],subttileHead2[1].benefits[7],subttileHead2[2].benefits[2],imagePositions[0].section,imagePositions[0].position,imagePositions[0].imageKey,subtitle3,subttileHead3[0].name,subttileHead3[1].name,subttileHead3[2].name,subttileHead3[3].name,subttileHead3[4].name,subttileHead3[5].name,subttileHead3[6].name,subttileHead3[7].name,subttileHead3[8].name,subttileHead3[0].benefits[0],subttileHead3[1].benefits[0],subttileHead3[2].benefits[0],subttileHead3[2].benefits[1],subttileHead3[3].benefits[0],subttileHead3[4].benefits[0],subttileHead3[0].benefits[1],subttileHead3[0].benefits[2],subttileHead3[1].benefits[1],subttileHead3[1].benefits[2],subttileHead3[0].benefits[3],subttileHead3[1].benefits[3],subttileHead3[5].benefits[0],subttileHead3[6].benefits[0],subttileHead3[7].benefits[0],subttileHead3[8].benefits[0],subttileHead3[0].benefits[4],subttileHead3[0].benefits[5],subttileHead3[0].benefits[6],subttileHead3[0].benefits[7],subttileHead3[1].benefits[4],subttileHead3[1].benefits[5],subttileHead3[1].benefits[6],subttileHead3[1].benefits[7],subtitle4,subttileHead4[0].name,subttileHead4[1].name,subttileHead4[2].name,subttileHead4[3].name,subttileHead4[4].name,subttileHead4[0].benefits[0],subttileHead4[1].benefits[0],subttileHead4[2].benefits[0],subttileHead4[0].benefits[1],subttileHead4[1].benefits[1],subttileHead4[1].benefits[2],subttileHead4[1].benefits[3],subttileHead4[0].benefits[2],subttileHead4[0].benefits[3],subttileHead4[3].benefits[0],subttileHead4[4].benefits[0],subtitle5,subttileHead5[0].name,subttileHead5[1].name,subttileHead5[2].name,subttileHead5[3].name,subttileHead5[0].benefits[0],subttileHead5[1].benefits[0],subttileHead5[2].benefits[0],subttileHead5[3].benefits[0],subttileHead5[0].benefits[1],subttileHead5[0].benefits[2],subttileHead5[0].benefits[3],subttileHead5[1].benefits[1],subttileHead5[1].benefits[2],conclusion1,conclusion2,nextSeries,subtitle1,subttileHead1[0].name,subttileHead1[1].name,subttileHead1[2].name,subttileHead1[3].name,subttileHead1[4].name,subttileHead1[5].name,subttileHead1[6].name,subttileHead1[0].benefits[0],subttileHead1[0].benefits[1],subttileHead1[1].benefits[0],subttileHead1[1].benefits[1],subttileHead1[2].benefits[0],subttileHead1[2].benefits[1],subttileHead1[3].benefits[0],subttileHead1[3].benefits[1],subttileHead1[1].benefits[2],subttileHead1[1].benefits[3],subttileHead1[1].benefits[4],subttileHead1[3].benefits[2],subttileHead1[3].benefits[3],subttileHead1[4].benefits[0],subttileHead1[4].benefits[1],subttileHead1[4].benefits[2],subttileHead1[4].benefits[3],subttileHead1[4].benefits[4],subttileHead1[5].benefits[0],subttileHead1[6].benefits[0],subttileHead1[6].benefits[1],subttileHead1[6].benefits[2],subttileHead1[0].benefits[2],subttileHead1[0].benefits[3],subttileHead1[0].benefits[4],subttileHead1[0].benefits[5],subttileHead1[0].benefits[6],subttileHead1[0].benefits[7],subttileHead1[1].benefits[5],subttileHead1[1].benefits[6],subttileHead1[1].benefits[7],subttileHead1[2].benefits[2],subttileHead1[3].benefits[4],subttileHead2[0].name,subttileHead2[1].name,subttileHead2[2].name,subttileHead2[3].name,subttileHead2[4].name,conclusion,subtitle6,subttileHead6[0].name,subttileHead6[1].name,subttileHead6[0].benefits[0],subttileHead6[0].benefits[1],subttileHead6[0].benefits[2],subttileHead6[0].benefits[3],subttileHead6[1].benefits[0],subheading2,subheading3,paragraph1,outcome,lesson,paragraph2,outcome1,lesson1,paragraph3,outcome2,lesson2,detailImageUrlTwo,paragraph,subheading1,introduction1
68b5718245ef028ae2726782,1,Maximizing Your Home Loan Benefitssss,"A home loan is more than just a means to buy property – it's a powerful financial tool that, when used wisely...","25 OCT,2024",5,273,blogImage1,Psuedo Tag 1,Psuedo Tag Long name 1,Home Loans,Understanding Home Loan Basics,,,HOME LOANS,Beyond the Basics: Unlocking Hidden Benefits of Home Loans in India,Supercharge Your Home Loan: Insider Tips for Indian Homebuyers,"A home loan is more than just a means to buy property – it's a powerful financial tool that, when used wisely, can offer numerous benefits. From government subsidies to tax advantages, let's uncover how you can maximize the value of your home loan.",blogDetailBeyond,Government Schemes and Subsidies for First-Time Buyers,Pradhan Mantri Awas Yojana (PMAY),Credit Linked Subsidy Scheme (CLSS),State-Specific Schemes,,,,Interest subsidy of 3-6.5% for first-time homebuyers,Eligibility based on income category and property size,"Part of PMAY, offers interest subsidy on home loans",Can save up to ₹2.67 lakhs on interest,Many states offer additional subsidies or benefits,Research local programs in your area,,,,,,,,,,,,,,,,,,,,,,,,,Tax Benefits of Home Loans,Section 80C Deductions,Section 24 Deductions,Section 80EE,Joint Home Loan Benefits,Up to ₹1.5 lakhs deduction on principal repayment,Up to ₹2 lakhs deduction on interest paid annually,No upper limit for rented properties,"Additional ₹50,000 deduction for first-time homebuyers",Specific eligibility criteria apply,Both co-borrowers can claim tax deductions individually,,,,,,,,,,,,,,,,,subtitle3,before,blogDetailBeyond,Strategies for Efficient Loan Repayment,Make Larger Down Payments,Opt for Shorter Loan Tenure,Prepay When Possible,Step-Up EMI Plans,Consider Balance Transfer,,,,,Reduces loan amount and overall interest,Higher EMI but significantly lower total interest,Use bonuses or windfalls to make partial prepayments,Check prepayment charges and terms,"Start with lower EMIs, increase over time with income growth",Switch to a lower interest rate after a few years,,,,,,,,,,,,,,,,,,,Leveraging Home Loans for Wealth Creation,Property Appreciation,Rental Income Potential,Loan Against Property,,,Benefit from value increase while paying current prices,Use loan for investment property to generate passive income,Use home equity for other investments or emergencies,,,,,,,,,Rent-to-Own: An Alternative Path,Savings Plan Built Into Rental Agreement,Try Before You Buy,Potential for Price Lock,Credit-Building Opportunity,Structured program to help save towards a future down payment,Live in the home before committing to purchase,"Agree on future purchase price, potentially benefiting from appreciation",Consistent rental payments may help improve credit score,,,,,,"As we wrap up our exploration of home loans, it's important to remember that securing financing is just one step in the homebuying process. Another crucial aspect is choosing the right property that fits both your needs and budget.","In our next series, we'll dive into ""Choosing Between Under Construction and Ready-to-Move-In Properties."" This guide will help you navigate the pros and cons of each option, considering factors like timelines, costs, and potential risks. Whether you're leaning towards a brand-new development or a move-in ready home, understanding these differences is key to making the best choice for your situation.","Join us as we unpack the important decision between under-construction and ready-to-move-in properties. We'll explore the financial implications, timelines, and potential benefits of each option to help you make an informed choice in your homebuying journey.",,,,,,,,,,,,,,,,,,,,,,,,,,,,,,,,,,,,,,,,,,,,,,,,,,,,,,,,,,,,,,,,,,,,,,
68b5724445ef028ae2726786,4,Understanding Home Loan Basics,Embarking on your homeownership journey in India? Understanding home loans is your first crucial step...,"15 OCT,2024",5,230,blogImage4,,,Home Loans,Home Loan,Finance,India,HOME LOANS,Demystifying Home Loans: A Primer for First-Time Indian Homebuyers,Cracking the Code: Home Loan Essentials for Indian First-Time Buyers,"Embarking on your homeownership journey in India? Understanding home loans is your first crucial step. This guide will walk you through the basics, empowering you to make informed decisions as you pursue your dream home.",,Types of Home Loans Available in India,Fixed Rate Home Loans,Floating Rate Home Loans,Hybrid Home Loans,,,,Interest rate remains constant throughout the loan tenure,"Pros: Predictable EMIs, protection against interest rate hikes",Interest rate fluctuates with market conditions,"Pros: Generally lower initial rates, benefit from market rate drops",Combination of fixed and floating rates,"Fixed for an initial period, then switches to floating","Cons: Higher initial interest rates, miss out on benefits if market rates drop","Cons: Unpredictable EMIs, risk of higher payments if rates rise",,,,,,,,,,,,,,,,,,,,,,,Eligibility Criteria Overview,,,,,Typically 21-65 years old at the time of loan maturity,Stable source of income,Minimum income requirements vary by lender,Usually 750+ for the best rates and terms,We'll dive deeper into this in our next blog!,The chosen property must meet lender's criteria,Salaried individuals or self-employed professionals,Minimum work experience often required,,,,,,,,,,,,,,,,,,,,,,,,,,,,,,,,,,,,,,,,,,,,,,,,,,,,,,,,,,,,,,,,,,,,,,,,,,,,,,,,,,,"Understanding these home loan basics is your first step towards informed decision-making. Remember, while traditional home loans are common, alternative options like rent-to-own programs can offer a unique path to homeownership, especially for those facing challenges with conventional eligibility criteria.",,Join us as we dive into the complex world of understanding the power of credit scores for home loans.,Key Terms Every Home Loan Seeker Should Know,EMI (Equated Monthly Installment),Tenure,Interest Rate,LTV (Loan-to-Value) Ratio,,,,Your monthly loan repayment amount,Includes both principal and interest components,The duration of your loan repayment period,Typically ranges from 5 to 30 years,"The cost of borrowing, expressed as a percentage","Can be fixed, floating, or hybrid",The percentage of the property value that can be financed,Typically ranges from 75% to 90% for first-time buyers,,,,,,,,,,,,,,,,,,,,,,,,,,Age,Income,Credit Score,Property Evaluation,Employment Status,,,,,,,,,,,,,,,,,,,,,,,,
68b804ad4584ccb9dea02b87,15,The Fundamentals of Renting vs. Buying,The decision to rent or buy a home is a pivotal moment in many people's lives. It's not just about where you'll...,"24 SEPT,2024",2,0,blogImageFundamentals,,,Renting,Buying,Housing Choice,,RENTING VS BUYING,The Fundamentals of Renting vs. Buying,The Fundamentals of Renting vs. Buying: What You Need to Know,"The decision to rent or buy a home is a pivotal moment in many people's lives. It's not just about where you'll live; it's about how you'll allocate your resources and shape your financial future. In this guide, we'll break down the essential factors you need to consider when deciding between renting and buying in India.",blogDetailTheFundamentals,Key Factors Influencing Your Housing Choice,Financial Readiness,Long-Term Plans,Market Conditions,Lifestyle Preferences,,,Current savings and income stability,Credit score and loan eligibility,Career prospects and potential relocations,Family planning considerations,Property prices in your desired area,Rental market trends,,,Desire for stability vs. flexibility,Willingness to handle maintenance and repairs,,,,,,,,,,,,,,,,,,,,,Long-Term Financial Implications,,,,,"When you buy a home, each mortgage payment builds equity. Over time, this can significantly contribute to your net worth.","While not guaranteed, property values in India have historically appreciated over the long term.",,Funds used for a down payment could potentially earn returns if invested elsewhere.,,,,,,,,,,,,,,,,,,,subtitle2,before,blogDetailTheFundamentals,Lifestyle Considerations,Renting Pros,Buying Pros,,,,,,,,Flexibility to move,Stability and sense of ownership,,,,,Fewer responsibilities for maintenance,Lower upfront costs,Freedom to customize your space,Potential for financial gain,,,,,,,,,,,,,,,Making Your Decision,,,,,,"Consider your personal circumstances, financial goals, and lifestyle preferences. There's no one-size-fits-all answer, but understanding these fundamentals will help you make an informed decision.",,,,,,,,,,,,,,,,,,,,,,,,,"Whether you choose to rent or buy, your decision should align with your financial situation and long-term goals. In our next blog, we'll dive deeper into the financial aspects of renting vs. buying to help you further navigate this important decision.",,,The Financial Equation: Crunching the Numbers,Upfront Costs,Ongoing Expenses,,,,,,Renting: Security deposit (typically 2-3 months' rent),Buying: Down payment (usually 20% of property value),"Renting: Monthly rent, possibly some utilities","Buying: Mortgage payments, property taxes, maintenance costs",,,,,,,,,,,,,,,,,,,,,,,,,,,,,,Building Equity,Potential for Appreciation,Opportunity Cost,,,,,,,,,,,,,,,,,,,,,,,,,,
68b805cc4584ccb9dea02b89,9,Financial Aspects of Renting vs. Buying,"When it comes to deciding between renting and buying a home in India, the financial implications extend far...","27 SEPT,2024",3,0,blogImageFinancialaspects,,,Renting,Buying,Finance,,RENTING VS BUYING,Financial Aspects of Renting vs. Buying,Unveiling the Hidden Costs of Renting and Buying in India,"When it comes to deciding between renting and buying a home in India, the financial implications extend far beyond the monthly rent or mortgage payment. In this deep dive, we'll uncover the true costs associated with both options, helping you make an informed decision that aligns with your financial goals and lifestyle needs.",blogDetailFinancialAspects,Upfront Costs: Getting Started,,Renting: Security Deposits and Advance Rent,"For example, for a ₹20,000 per month apartment, your initial outlay could be:",Buying: Down Payments and Closing Costs,"For a ₹50 lakh property, your initial costs might look like:",,"Before you can settle into your new home, whether rented or owned, you'll face initial expenses. Let's break these down:",,"When renting in India, you'll typically need to prepare for:",Security Deposit: Usually equivalent to 2-3 months' rent,"Security Deposit: ₹60,000 (3 months)","Advance Rent: ₹20,000 (1 month)",,Advance Rent: Many landlords require 1-3 months' rent in advance,Purchasing a home involves more substantial upfront costs:,Down Payment: Typically 20% of the property value,"Brokerage Fee: If using an agent, expect to pay about one month's rent","Brokerage: ₹20,000","Total: ₹100,000",Registration and Stamp Duty: 5-7% of property value,Legal Fees for document verification,Loan Processing Fee: 0.5-1% of loan amount,Down Payment: ₹10 lakh (20%),Registration and Stamp Duty: ₹2.5 lakh (5%),"Legal Fees: ₹50,000","Loan Processing Fee: ₹20,000 (0.5% of ₹40 lakh loan)",Total: ₹13.2 lakh,,,,,,,,,,Long-Term Financial Impact,,,,,"MWhen you pay a mortgage, you're building equity - the portion of the property you truly own. Over time, this can significantly increase your net worth.","Renters might save on upfront and maintenance costs, potentially investing these savings elsewhere.",,,,,,,,,,,,,,,,,,,,,subtitle2,before,blogDetailFinancialAspects,Tax Implications,Tax Benefits for Homeowners,Homeowners in India can avail several tax benefits:,Rental Deductions for Tenants,,,,,,,,Section 80C: Deduction up to ₹1.5 lakh on principal repayment,"Renters can claim HRA (House Rent Allowance) deductions, which can significantly reduce taxable income.",,,,,,Section 24: Deduction up to ₹2 lakh on interest paid,"Section 80EE: Additional ₹50,000 deduction for first-time homebuyers",,,,,,,,,,,,,,,,,,,,,,,,,,,,,,,,,,,,,,,,,,,,,,"In our next blog, we'll explore strategies for building wealth through both renting and buying, helping you maximize your financial potential regardless of your housing choice.",,,Monthly Expenses: The Ongoing Financial Commitment,,Rent vs. Mortgage Payments,Additional Costs for Homeowners,Owning a home comes with extra responsibilities and costs:,For our ₹50 lakh home example:,Hidden Expenses for Renters,"While renting seems straightforward, consider these potential costs:","Once you're settled, your regular expenses will differ significantly between renting and owning.",,Rent: Your monthly rent is fixed (subject to periodic increases) and includes no ownership benefit.,"Mortgage: Your EMI (Equated Monthly Installment) goes towards both interest and principal, building equity over time.",,,"Property Tax: Varies by location, typically 0.1-0.5% of property value annually","Home Insurance: Protects against damages, around ₹5,000-10,000 per year",Example: For a ₹50 lakh home with a ₹40 lakh loan at 8% interest for 20 years:,"Monthly EMI: Approximately ₹33,400","Compare this to a monthly rent of ₹20,000 for a similar property.",Maintenance and Repairs: Budget 1% of home value annually,Society Maintenance Charges: Can range from ₹2-5 per sq. ft. monthly,"Property Tax: ₹25,000 per year (0.5%)","Home Insurance: ₹7,500 per year","Maintenance and Repairs: ₹50,000 per year","Society Charges: ₹3,000 per month (assuming 1000 sq. ft. at ₹3 per sq. ft.)","Total additional annual costs: Approximately ₹1,18,500 or ₹9,875 per month",,Rent Increases: Expect 5-10% annual increases,Moving Costs: If you relocate frequently,Furnishing: Landlords may not provide all necessary furniture,,,,,,,,,,,,Building Equity Through Homeownership,Potential for Rental Savings,,,,"While buying a home in India involves higher upfront costs and ongoing responsibilities, it offers the potential for equity building and long-term financial gains. Renting provides flexibility and lower initial costs but lacks the wealth-building aspect of homeownership. Your decision should align with your financial situation, long-term goals, and lifestyle preferences. ",,,,,,,,,,,,,,,,,,,,,,,
68b80c3a4584ccb9dea02b90,11,Understanding Down Payments,"In our previous series, we explored the financial implications of renting versus buying. Now, as we delve...","04 OCT,2024",3,0,blogImagedownpayments,,,Homeownership,Down Payment,Finance,,DOWN PAYMENT,Understanding Down Payments,Demystifying Down Payments: Your First Step to Homeownership in India,"In our previous series, we explored the financial implications of renting versus buying. Now, as we delve into the homebuying process, it's crucial to understand one of the most significant hurdles for first-time buyers: the down payment. This upfront cost, often seen as a burden, can actually be a powerful investment in your future. Let's decode the down payment and its impact on your homeownership journey.",blogDetailImage6,What is a Down Payment?,,,,,,,"A down payment is the initial, upfront portion of your home's purchase price that you pay out of pocket. It's your first investment in your property and a key factor in securing a home loan.",,,,,,,,,,,,,,,,,,,,,,,,,,,,,,Standard Down Payment Percentages in India,,,,,Most lenders in India require a minimum down payment of 10-20% of the property value. The actual percentage can depend on various factors:,"While the minimum is often 20%, paying more upfront can have significant benefits:",25-30%: Often results in better interest rates,,,,,,Type of property (ready-to-move-in vs. under-construction),Your credit score,Lender policies,30-40%: May qualify you for premium loan products,Above 40%: Substantially reduces your loan burden,,,,,,,,,,,,,The Impact of Down Payment Size,Effect on Loan Terms and Interest Rates,Example:,Impact on Monthly Mortgage Payments,,,,,,,A larger down payment can lead to:,For a ₹1 Cr property:,"A higher down payment reduces your loan amount, directly lowering your monthly EMI.",,,,Lower interest rates,More flexible loan terms,20% down (₹20 lakhs): Might qualify for an 8% interest rate,30% down (₹30 lakhs): Could potentially secure a 7.5% rate,Higher chance of loan approval,"Over a 20-year loan term, this 0.5% difference could save you lakhs in interest.",,,,,,,,,,,,,Sources of Down Payment Funds,Personal Savings,Government Schemes and Assistance Programs,,,,The most common and preferred source.,India offers several programs to aid first-time homebuyers:,,Start saving early and consistently for the best results.,Pradhan Mantri Awas Yojana (PMAY): Offers interest subsidies,State-specific schemes: Many states have their own assistance programs,Tip: Research local and national programs to see if you qualify for any assistance.,,,,,,,,,,,,,,,,,,,"A down payment, far from being just a burden, is your first step towards building equity and securing favorable loan terms.","By understanding its impact and planning accordingly, you can turn this initial investment into a cornerstone of your financial future.","Join us in the next blog where we'll dive into ""Strategies for Saving a Down Payment,"" providing you with practical tips and techniques to reach your down payment goals faster and more efficiently.",The Purpose of a Down Payment,,,,,,,,Demonstrates financial readiness to lenders,"Reduces the loan amount, lowering your overall interest costs",,,,,,,,,,,,,,,,,,,,,Provides immediate equity in your home,,,,,,,,,,,Minimum Requirements,Ideal Down Payment Sizes,,,,,,,,,,,,,,,,,,,,,,,,,,,
68b964e8436df09a8c52e346,18,Homeownership vs. Renting: A Comprehensive Cost Comparison,"In our previous two blogs, we delved into the hidden costs of both homeownership and renting ....","19 AUG,2025",3,0,blogImageHomeownership,,,Rent vs Buy,UNVEILING HIDDEN EXPENSES,Real Estate,,UNVEILING HIDDEN EXPENSES,Homeownership vs. Renting: A Comprehensive Cost Comparison,Homeownership vs. Renting: A Comprehensive Cost Comparison,"In our previous two blogs, we delved into the hidden costs of both homeownership and renting. Now, it's time to bring these insights together and provide a comprehensive comparison to help you make an informed decision about your housing future.",,Long-Term Financial Implications,Equity Building,Asset Appreciation,,,,,Homeownership: Build equity over time as you pay down your mortgage,"Renting: No equity buildup, but potential for investing saved funds elsewhere",Homeownership: Potential for property value appreciation,Renting: No direct benefit from property appreciation,,,,,,,,,,,,,,,,,,,,,,,,,,,Monthly Expense Breakdown,,,,,Mortgage payment (principal + interest),Monthly rent,Renter's insurance (optional but recommended),,,,,,Property tax,Home insurance,Maintenance and repairs,Minor maintenance costs,charges,Society charges (if applicable),,,,,,,,,,,,Tax Benefits,Homeownership,Renting,,,,,,,,Tax deductions on home loan interest (up to ₹2 lakhs annually),charges,,,,,Tax benefits on principal repayment under Section 80C,,House Rent Allowance (HRA) tax benefits for salaried individuals,,,,,,,,,,,,,,,,Flexibility and Mobility,Homeownership,Renting,,,,Less flexibility for relocation,Greater flexibility to move,,Potential costs if you need to sell quickly,Easier to upsize or downsize as needs change,charges,,,,,,Opportunity Cost Analysis,Investment Potential,,,,Renting might free up capital for potentially higher-yielding investments,,,,Homeownership ties up a significant portion of your wealth in a single asset,,,,,"The decision between renting and buying is highly personal and depends on various factors including your financial situation, long-term goals, and lifestyle preferences.","While homeownership can build wealth over time, renting offers flexibility and potentially lower short-term costs. Remember, there's no one-size-fits-all answer. The key is to carefully consider all aspects – both financial and non-financial – to make the choice that best aligns with your unique circumstances and goals.",,Upfront Costs Comparison,Homeownership,Renting,,,,,,Down payment (typically 20% of property value),Stamp duty and registration fees (4-8% of property value),Advance rent (1-3 months),Brokerage fees (if applicable),,,,,,,,,,,,,,,,,,,Legal fees and documentation charges,,,,,,,,,,,Homeownership,Renting,,,,,Breakeven Point Calculation,Factors Affecting Breakeven,Insight,Property appreciation rate,Rental inflation rate,Interest rates,Your specific financial situation,"In many Indian cities, the breakeven point often occurs between 5-7 years, but this can vary significantly based on local market conditions and individual circumstances.",,,,,,,,,,,,,,,
68b973e5436df09a8c52e348,19,Beyond the Price Tag: Factors Affecting Property Value,"When considering a property investment, the listed price is just the tip of the iceberg. Understanding the factors ...","03 JULY,2025",2,0,blogImageBeyond,,,Property Value,Real Estate Insights,Investment,,PROPERTY VALUATION,Unlocking Property Value: What Lies Beyond the Price Tag?,Beyond the Price Tag: Factors Affecting Property Value,"When considering a property investment, the listed price is just the tip of the iceberg. Understanding the factors that truly drive property value can help you make a more informed decision and potentially uncover hidden opportunities. While common factors like location, job prospects and infrastructure are common factors and are essential, there’s more beneath the surface that influences property prices in unexpected ways.",blogDetailBeyondthe,1: Location and Neighborhood Analysis: More Than Just a Pin on the Map,Micro-location factors,Neighborhood characteristics,,,,,"Proximity to business districts, schools, and healthcare facilities",Public transportation accessibility,Social infrastructure and community facilities,Green spaces and recreational areas,,,Safety and crime rates,Demographic profile of residents,,,,,,,,,,,,,,,,,,,,,,,3: Future Development Plans,,,,,Master plans for the city or region,Job market trends in the area,Upcoming business parks or SEZs,,,,,,Zoning regulations and potential changes,Smart city initiatives,,Foreign direct investment in the region,,,,,,,,,,,,,,4: What Lies Beyond: Understanding Some Real Hidden Factors,School Zone Premium,Social capital,Obsolescence,,,,,,,Properties near reputed educational institutions can command up to 20% more value,"The presence of celebrities, industry leaders, or even established community hubs can significantly drive up demand and prices in a given area","Physical or functional obsolescence can drag property values down, making it crucial to assess a building’s long-term viability, not just its current state",,,,It’s not just about the convenience; it’s about attracting family-oriented buyers and tenants who place a premium on education,,,,,,,,,,,,,,,,,,,,,,,,,,,,,,,,,,,,,,,,,,,,,,,,,,,"In our next blog, we'll explore how to assess a property's potential for appreciation, helping you make a decision that balances current value with future prospects.",2: Infrastructure and Amenities,Existing infrastructure,Upcoming developments,,,,,,Quality of roads and connectivity,"Availability of utilities (water, electricity, internet)","Planned infrastructure projects (metros, highways)",Proposed commercial developments,,,,,Government initiatives for area development,,,,,,,,,,,,,,Presence of shopping centers and entertainment options,,,,,,,,,,,Urban planning insights,Economic growth indicators,,,,"The true value of a property extends far beyond its current price.By considering factors like location, infrastructure, and future development plans, you can gauge a property's potential for appreciation and livability. This holistic approach to property evaluation can help you identify opportunities that align with both your immediate needs and long-term financial goals.",,,,,,,,,,,,,,,,,,,,,,,
68b5724445ef028ae2726785,3,The Power of Credit Scores in Home Loans,"In the world of home loans, your credit score is your financial report card. It can be the difference...","18 OCT,2024",8,255,blogImage3,,,Home Loans,,,,HOME LOANS,The Power of Credit Scores in Home Loans,Unlocking Better Home Loans: The Credit Score Secret for Indian Buyers,"In the world of home loans, your credit score is your financial report card. It can be the difference between a dream home and a disappointing rejection. Let's dive into the world of credit scores and their crucial role in your homeownership journey.",blogDetailThePower,Decoding Credit Scores: What They Are and How They're Calculated,What is a Credit Score?,How is it Calculated?,,,,,A three-digit number representing your creditworthiness,"In India, ranges from 300 to 900, with 750+ considered good",Payment history (35%),Credit utilization (30%),,,,Length of credit history (15%),,,Types of credit accounts (10%),,,,,,,,,,,Recent credit inquiries (10%),,,,,,,,,Tips to Improve and Maintain a Good Credit Score,,,,,Set up auto-pay for credit cards and loans,Aim to use less than 30% of available credit,,Responsible use of credit cards and loans shows creditworthiness,,Too many inquiries can lower your score,Dispute any errors promptly,,,,,,,,,,,,,,,,subtitle1,before,blogDetailThePower,How Rent-to-Own Arrangements Can Help Build Credit,Consistent Payments,Opportunity to Improve,Lower Initial Requirements,,,,,,,Regular rent payments can be reported to credit bureaus,Time to build credit before applying for a traditional mortgage,Easier entry for those with lower credit scores,,,,,,,,,,,,,,,,,,,,,,,,,,,,,,,,,,,,,,,,,,,,,,,,,,,,,"Your credit score is a powerful tool in your homeownership journey. Whether you're aiming for a traditional home loan or considering alternative paths like rent-to-own, a good credit score opens doors to better financial opportunities.",,,The Impact of Credit Scores on Loan Approval and Terms,Loan Approval,Interest Rates,Loan Amount,,,,,Higher scores increase chances of approval,Scores below 650 may lead to rejection or higher scrutiny,Better scores can save lakhs in interest over the loan tenure,Example: On a ₹50 lakh loan for 20 years,Higher scores may qualify for larger loan amounts,Impacts the LTV ratio offered,,,50+ score: 7.5% interest rate,650-700 score: 8.5% interest rate,Difference in total interest paid: ₹12+ lakhs,,,,,,,,,,,,,,,,,,,,,,,Pay Bills on Time,Keep Credit Utilization Low,Maintain a Mix of Credit Types,Avoid Multiple Loan Applications,Regularly Check Your Credit Report,,,,,,,,,,,,,,,,,,,,,,,,
68b7f1584584ccb9dea02b85,7,Mitigating Risks in Property Purchase,"Investing in property, whether under-construction or ready-to-move-in, comes with inherent risks. This blog explores...",24-Jun-25,6,0,blogImageMitigating,,,Under Construction,Ready to Move,Home Buying,,UNDER CONSTRUCTION VS READY-TO-MOVE IN,Mitigating Risks in Property Purchase,Safeguarding Your Investment: Risk Mitigation in Property Purchase,"Investing in property, whether under-construction or ready-to-move-in, comes with inherent risks. This blog explores key strategies to protect your investment, highlighting the importance of regulatory compliance, thorough due diligence, and learning from others' experiences.",blogDetailMitigating,RERA Regulations and Their Impact,Under-construction properties:,Ready-to-move-in properties:,,,,,Mandatory registration of projects,Escrow account for project funds,Verification of RERA compliance,Access to project history and developer track record,,,Penalties for delays and deviations,,,,,,,,,,,,,,,,,,,,,,,,,,,,,,,,,,,,,,,,,,,,,,,,,,,subtitle1,before,blogDetailMitigating,,Key factors contributing to success:,,,,,,,,,Thorough research on the developer's track record,,,,,,Verification of all necessary permits and RERA compliance,Regular site visits to monitor construction progress,,,Clear communication channels with the developer,,,,,,,,,,,,,,,Key factors contributing to success:,,,,,Multiple site visits at different times of the day,,,Thorough inspection of the property condition and amenities,,,,"Verification of all legal documents, including occupancy certificate",Engagement of a legal expert to review the sale deed,,,Ready-to-move-in triumph: The Homendra Family's Perfect Home,How buyers protected themselves:,,,,Formed a home buyers' association to collectively engage with the developer,,,,Utilized RERA provisions to file complaints and seek resolution,Negotiated revised timelines and compensation for delays,Some buyers opted for project exit with refund as per RERA guidelines,,,"As we conclude this series on choosing between under-construction and ready-to-move-in properties, it's clear that both options have their merits and challenges. For those seeking a middle ground that combines the benefits of both, consider exploring rent-to-own options. This innovative approach allows you to move in immediately while building equity over time, potentially offering a balanced solution to your housing needs.","In our next topic, we'll delve into ""Decoding the True Value of Property,"" helping you understand the factors that contribute to a property's worth beyond its price tag.",,Due Diligence Checklist,Under-construction properties:,Ready-to-move-in properties:,,,,,,Verify developer credentials and past projects,Check for all necessary approvals and permits,Inspect the property personally,Verify title documents and encumbrances,,,,,Check for completion and occupancy certificates,,,,,,,,,,,,,,Review the sale agreement thoroughly,,,,,,,,,,,,,,,,"Mitigating risks in property purchase requires a combination of regulatory awareness, thorough due diligence, and learning from others' experiences. Whether you choose an under-construction or ready-to-move-in property, being informed and vigilant can significantly reduce your risk exposure and lead to a satisfying investment.",Lessons from challenges: Navigating Delays in the Homrapali Project,,,,,,,,Case Studies: Success Stories and Lessons Learned,Under-construction success: The Patient Investor,"Homesh invested in a 3BHK apartment in an upcoming suburb of Pune in 2018. The project, by a reputable developer, was RERA-registered and promised completion in 36 months.","The project was completed on time, and Homesh moved in by 2021. The property value appreciated by 22% during the construction period, offering a significant return on investment.","Clear contracts, awareness of RERA provisions, and collective action can provide crucial protection in challenging scenarios.","The Homendra family, looking for immediate occupancy, chose a ready-to-move-in 2BHK in a well-established Gurgaon neighborhood in 2022.","The Homendra family moved in within a month of purchase, enjoying a smooth transition with no unexpected issues or costs.","For those prioritizing certainty and immediate occupancy, ready-to-move-in properties can offer a hassle-free experience when proper checks are conducted.","A group of buyers invested in the Homrapali Housing Project in Kolkata in 2019, facing significant delays due to regulatory issues and financial constraints of the developer.","While the project was eventually completed in 2023 (18 months behind schedule), buyers who stayed received compensation for the delay. Those who exited received refunds with interest.","Clear contracts, awareness of RERA provisions, and collective action can provide crucial protection in challenging scenarios.",,,,
68b93931436df09a8c52e33e,8,Assessing Potential for Appreciation,"When it comes to deciding between renting and buying a home in India, the financial implications extend far ...","17 JULY,2025",3,0,blogImageAssessing,,,Real Estate,Property Appreciation,Investment,,PROPERTY VALUATION,Assessing Potential for Appreciation,Spotting Growth: How to Assess a Property's Appreciation Potential,Understanding a property's potential for appreciation is crucial for making sound investment decisions. This blog explores key factors that influence property value growth and how different ownership models can impact your investment strategy.,blogDetailAssessingPotential,Historical Trends in Your Target Area,Analyzing past performance,Cyclical patterns,,,,,Price trends over the last 5-10 years,Factors that drove previous appreciation,Identifying real estate cycles in the area,How different ownership models perform in various market conditions,,,Comparison with similar neighborhoods,,,,,,,,,,,,,,,,,,,,,,,,Expert Insights on Emerging Hotspots,,,,,Signs of gentrification or urban renewal,Areas with sustained growth potential,How different ownership models can capitalize on emerging trends,,,,,,Infrastructure projects driving growth,Changing demographics and their impact,,Balancing short-term gains with long-term stability,,,,,,,,,,,,,,,,,,,,,,,,,,,,,,,,,,,,,,,,,,,,,,,,,,,,,,,,,,,,,,,,,,,,,,,,,,,,,,,"Assessing a property's appreciation potential involves careful analysis of historical trends, economic factors, and expert insights.","While traditional ownership models offer certain advantages, it's worth considering how flexible options like rent-to-own arrangements might align with your investment goals, especially in areas showing strong growth potential. By understanding these factors, you can make more informed decisions that balance immediate needs with long-term value.","In our next blog, we'll explore the hidden value in properties, uncovering opportunities that might not be immediately apparent but can significantly impact your investment's success.",Economic Factors Influencing Property Values,Local economic indicators,Broader economic considerations,,,,,,Job market growth and diversity,Income levels and changes over time,Interest rates and their impact on property values,Government policies affecting real estate,,,,,How flexible ownership options can mitigate economic uncertainties,,,,,,,,,,,,,,Commercial and industrial development,,,,,,,,,,,Identifying up-and-coming areas,Long-term value propositions,,,,,,,,,,,,,,,,,,,,,,,,,,,
68b9643c436df09a8c52e344,17,Hidden Costs of Renting: Beyond the Monthly Rent,"When it comes to deciding between renting and buying a home in India, the financial implications extend far ...","11 AUG,2025",5,0,blogImageHiddencosts,,,Renting,Hidden Costs,Real Estate,,UNVEILING HIDDEN EXPENSES,Hidden Costs of Renting: Beyond the Monthly Rent,Hidden Costs of Renting: Beyond the Monthly Rent,"In our last blog, we looked at the real costs of owning a home. Now, let’s focus on the often-ignored expenses that come with renting. Renting seems like an easy choice. It offers flexibility, needs less upfront commitment, and feels straightforward: you pay your rent and that’s it.\n\nBut what if that monthly rent is only the start? As any experienced tenant in India knows, the financial aspects of renting are much more complicated than they first seem. This is your reality check, helping you see the full picture before signing that lease.",blogDetailHiddenCosts,Category 1 : Upfront Costs,1. Security Deposits & Brokerage Fees: The Upfront Investment,2. The Hidden Costs of Moving: When Renting Isn't So Easy,3. Legal & Administrative Costs,,,,"The Security Deposit: This is usually a large sum equal to 2-3 months' rent held by the landlord. It’s refundable, but it ties up a significant amount of your money, and getting it back isn't always easy.","The Reality Check: In most cities, the deposit is usually 2 to 3 months' rent. However, in high-demand markets like Bengaluru, landlords often ask for 6 to 10 months' rent or more. This is a significant upfront cost that can compare to a down payment on a home.","Movers and Packers Charges: While not strictly a rental cost, this is a significant, recurring expense for any renter. For a local move, these charges can be higher than ₹20,000. Every time you change rentals, this cost starts over.","Society Move-in/Move-out Charges: Many gated communities and apartment associations charge a one-time fee (from ₹500 to ₹5,000 or more) when tenants move in or out. They often justify this as payment for administrative work and potential wear-and-tear on common areas like elevators.",Cost of Registering Your Agreement: This is a key step that makes your agreement legally binding.,"Leave and License vs. Lease: Most rental agreements in India are executed as a “Leave and License” agreement, which gives you a temporary license to occupy the property.","Know Your Rights: The Model Tenancy Act, 2021\nIn some states that follow this Act, the security deposit for residential properties is capped at two months' rent. This helps protect tenants from high deposits (sometimes 6-10 months' rent) seen in cities like Bengaluru.",,,,,"The Cost: Registration fees include Stamp Duty and other charges. This expense is mandatory and can vary by state and the length of the agreement, sometimes amounting to several thousand rupees.","Other Costs: like the costs of Police Verification. The cost is often low or even free for an online process, but it adds to the administrative load of moving. Typically, the landlord starts this process, but the tenant must provide all necessary documents.",,,,,,,,,,"Brokerage Fees: Let’s be honest, finding a rental often means involving a broker. Their fee is typically a one-time, non-refundable cost equal to one month's rent.",,,,,,,,,,,,,,,,,,,,,,,,,,,,,,,,,,,subtitle1,before,blogDetailHiddenCosts,,,,,,,,,,,,,,,,,,,,,,,,,,,,,,,,,,,,,,,,,,,,,,,,,,,,,,,,,,,,,,,,,,"Understanding these costs doesn't mean you shouldn't rent. It’s about giving you a clear perspective on your financial journey and urging you to ask an important question: are these unpredictable, rising expenses truly the best choice for your future?","Interested in how these rental costs stack up against the stability and wealth-building potential of owning a home? Stay tuned for our next blog, where we’ll offer a detailed cost comparison. Or if you’re ready to take the first step toward a clear and simple path to homeownership, start with us today.",,Category 2: The Recurring & Unpredictable Costs,1. Annual Rent Escalations: The Stealthy Price Hike,"2. Maintenance and Repairs: The ""Minor"" Fixes",,,,,,"Rent rarely stays constant for long. Most rental agreements include a clause for an annual increase, usually between 5-10%. And remember this is compounded and not simple. So every year, the base changes.","Long-term thought: This unpredictable and growing expense can make it hard to plan your financial future. A ₹20,000 monthly rent today might escalate to ₹26,000-₹30,000 in just a few years.","While major repairs fall on the landlord, tenants often cover smaller fixes.","The Gray Area: The rental agreement might say that tenants are responsible for ""minor repairs."" This can lead to debates over who pays for things like a dripping faucet or a cracked tile. Ensure this is clearly defined in your agreement to avoid arguments. Remember, any changes you undertake are for the benefit of the Owner.",,,,,,,,,,,,,,,,,,,,,,,,,,,,,,,,,,,"Renting may seem like a simpler, more flexible choice than buying. But as we’ve seen, the financial and logistical costs can be unexpectedly high and uncertain. The ongoing cycle of moving, rent hikes, security deposits, and non-refundable fees can hinder your ability to build long-term stability.",,,,,,,,,,,,,,,,,,,,,,,
68b5718245ef028ae2726783,2,Navigating the Home Loan Application Process,"Applying for a home loan can seem daunting, but with the right knowledge, you can navigate the process with...","22 OCT,2024",6,280,blogImage2,,,Home Loan,Finance,India,,HOME LOANS,Navigating the Home Loan Application Process,Smooth Sailing: Your Step-by-Step Guide to Home Loan Applications in India,"Applying for a home loan can seem daunting, but with the right knowledge, you can navigate the process with confidence. This guide will walk you through each step, helping you avoid common pitfalls and increase your chances of approval.",blogDetailNavigating2,Essential Documentation for Home Loan Applications,Identity Proof,Address Proof,Income Proof,Bank Statements,Property Documents,Passport-sized Photographs,"Aadhaar Card, PAN Card, Passport, etc.",,"Utility bills, Rental agreement, etc.",,"Salary slips, Form 16, ITR for last 2-3 years",,,,Last 6 months of savings account statements,,,,,,,,"Sale deed, allotment letter, etc.",,,,,,,,,,,,,,,,,,,,,,,,,,,,,,,,,,,,,,,,,subtitle3,before,blogDetailNavigating,Step-by-Step Home Loan Application Guide,Research and Compare Lenders,Check Eligibility and Calculate EMI,Gather Required Documents,Submit Loan Application,Property Valuation,Technical and Legal Verification,Loan Approval and Offer Letter,Sign Loan Agreement,Loan Disbursement,"Look at interest rates, processing fees, and loan terms",Use online tools to estimate your loan amount and EMI,Refer to the checklist above,,Online or in-person at the bank branch,Lender will assess the property's value,,,,,,,Lender verifies property documents,Review and accept the loan offer,Carefully read all terms and conditions,Funds transferred to the seller,,,,,,,,,Common Pitfalls and How to Avoid Them,Incomplete Documentation,Applying to Multiple Lenders Simultaneously,Ignoring the Fine Print,Overestimating Affordability,Neglecting Property Verification,Double-check all required documents before submission,Can negatively impact your credit score,Carefully review all terms and conditions,,,,,,,"Consider all costs, not just EMI",Ensure all property documents are in order,Alternative Paths: Rent-to-Own Programs,Simplified Process,Build Towards Ownership,Flexibility,,Often requires less documentation initially,Time to improve financial standing before traditional mortgage,Option to purchase or walk away at the end of the term,,,,,,,"While the home loan application process can be complex, being well-prepared and informed can make it significantly smoother. Remember, traditional home loans aren't the only path to homeownership – explore all options, including rent-to-own programs, to find the best fit for your situation.",,,,,,,,,,,,,,,,,,,,,,,,,,,,,,,,,,,,,,,,,,,,,,,,,,,,,,,,,,,,,,,,,,,,,https://www.prehome.in/assets/img/blogs/Home%20Loan.png,,,
68b9385e436df09a8c52e33c,14,The Hidden Value in Properties: Looking Beyond the Price Tag,"While location and price often dominate property discussions, several hidden factors can significantly impact ....","30 JULY,2025",5,0,blogImageHiddenValue,,,Real Estate,Property Value,Investment,,PROPERTY VALUATION,The Hidden Value in Properties: Looking Beyond the Price Tag,,"While location and price often dominate property discussions, several hidden factors can significantly impact a property's long-term value. Understanding these elements helps you make more informed property decisions and potentially uncover overlooked opportunities in the market.",blogDetailTheHidden,1. Income Generation Potential,Primary Rental Opportunities,Secondary Income Sources,,,,,Corporate lease potential in business districts,Higher rental yields (typically 3-4% in major metros),Ground floor commercial conversion potential,Retail space premiums in residential areas,,,Long-term lease stability,Home office setup possibilities,,,Professional consultation space value,,,,,,,,,,,Seasonal opportunities,Premium for furnished options,Regular residential rental market,Consistent monthly returns,Annual appreciation in rent (typically 5-8%),Demand patterns in different micro-markets,Event space potential during wedding seasons,Educational hub premiums during academic years,Festival period rental spikes,3. Property-Specific Advantages,,,,,Vastu compliance,Utility optimization features,Lower maintenance costs,,,,,,Market premium (15-20% higher resale value),Broader buyer/tenant pool,Faster liquidation potential,Reduced electricity bills,Water availability and quality,Community profile,Professional demographic benefits,Social infrastructure quality,Resident welfare association strength,Space utilization potential,Modular design benefits,Storage solutions,Future modification scope,,subtitle2,before,blogDetailTheHidden,4. Long-term Appreciation Factors,Market Evolution Patterns,Sustainability Features,,,,,,,,Micro-market growth trends,Green building elements,,,,,Historical price appreciation data,Development saturation levels,Lower operating costs,Future compliance benefits,Future growth corridors,Market differentiation value,,,,,Demographic shifts,Young professional migration,Family housing demand,Lifestyle evolution impact,Environmental considerations,Natural resource availability,Climate resilience,Quality of life factors,,,,,,,,,,,,,,,,,,,,,,,,,,,,,,,,,,"Join us for our upcoming analysis of ""Unveiling the Hidden Expenses of Homeownership and Renting in India,"" where we'll help you understand the complete cost picture of property ownership.",2. Future Development Value,Infrastructure Development Impact,Commercial Growth Indicators,,,,,,Metro corridor influence,Historical appreciation data (30-40% post announcements),IT/Business park proximity,Employment generation impact,,,,,Rental demand correlation,Property value appreciation patterns,Educational/Healthcare hub development,,,,,,,,,,,,Phase-wise development benefits,Last-mile connectivity premium,Smart city initiatives,Government project benefits,Infrastructure upgrade timelines,Quality of life improvements,Long-term stability factors,Year-round demand,Community development impact,,,Cultural and Social Factors,Practical Amenities,,,,"A property's true value extends far beyond its current market price. By understanding these hidden value factors, you can identify properties that offer better long-term returns and satisfaction. Whether you're buying for investment or personal use, these factors play a crucial role in the property's future worth.",,,,,,,,,,,,,,,,,,,,,,,
68b9622b436df09a8c52e340,16,The True Cost of Homeownership: Beyond the Purchase Price,"When considering a property investment, the listed price is just the tip of the iceberg. Understanding the factors ...","02 AUG,2025",2,0,blogImageTruecost,,,Real Estate,Homeownership,Property Costs,,UNVEILING HIDDEN EXPENSES,The True Cost of Homeownership: Beyond the Purchase Price,The True Cost of Homeownership: Beyond the Purchase Price,"In our earlier posts about choosing between renting and buying, we highlighted that becoming a homeowner is a big financial commitment. Buying a home marks an important milestone. Many first-time homebuyers in India are surprised by one-time and recurring costs that can significantly increase their overall budget. These costs aren’t just minor fees; they can turn a planned purchase into a financial burden.\n\nIn this guide, we will explore the full range of homeownership costs. We’ll cover everything from mandatory government fees to additional charges from developers. Our goal is to give you a clear financial picture so you can approach your purchase with confidence.",blogDetailTheTrueCost,Category 1 :Developer-Specific and Creative Charges,1.Preferential Location Charges (PLC) & Floor Rise Charges,2.Amenity & Club Membership Fees,3.Parking Charges: A Legal Gray Area,"4.The ""Miscellaneous"" Charges",,,"Premiums for a ""better"" unit, such as a flat facing the park (PLC) or one on a higher floor (Floor Rise Charges)",Usually charged per square foot and can substantially increase your bill,"One-time fee for accessing clubhouse, swimming pool, gym, and other facilities","Often bundled by developers, making it hard to opt out",Know Your Rights: Supreme Court of India (2010) ruled that open and stilt parking spaces cannot be sold separately; they are part of common areas,What Can Be Charged: Only fully enclosed garages can be legally sold separately,,,This is where developers can be quite creative. You might encounter fees with vague names like Utility Connection Charges for water and electricity or Maintenance Deposit collected upfront.,"Exposing the Hidden Fees: Other fees, such as scan charges, documentation fees, or transfer charges for re-booked units, show how developers find ways to increase the bill. Check every line item in your payment plan.",,"Reality Check: Many developers still charge separately, calling it an 'allotment fee' or 'usage rights'",,,,,,,,,,,,,,,,,,,"Category 3.The Recurring ""Ongoing"" Costs",,,,,Annual payment to the local municipal corporation,"Covers security, lighting in common areas, garbage collection, lift maintenance, etc.",,"Protects against fire, natural disasters, or theft","Not legally required, but many banks push their own policies",,,,,,,,,,,,,,,,,You can choose any insurer that offers better coverage or lower premium,subtitle1,before,blogDetailTheTrueCost,,,,,,,,,,,,,,,,,,,,,,,,,,,,,,,,,,,,,,,,,,,,,,,,,,,,,,,,,,,,,,,,,,"By knowing these charges, you can plan better and ensure your dream home doesn’t become a financial burden. It’s about building a solid understanding—a foundation we believe is crucial for every future homeowner.","Curious about how these costs compare to renting? Our next blog will provide a detailed side-by-side comparison. Stay tuned, or if you’re ready to explore a clearer and simpler path to homeownership, take the first step with us.",,Category 2 :Government-Mandated Levies,1.Stamp Duty and Registration Fees: The Legal Essentials,2.EDC & IDC: The Cost of Community Infrastructure,3.GST (Goods and Services Tax),4.UDS (Undivided Share of Land),,,,Necessary tax imposed by state government to register property in your name,"Pro Tip: Stamp duty rates vary by state, e.g., Chennai vs Mumbai","EDC (External Development Charges) covers infrastructure outside the project, like main roads and drainage systems","IDC (Internal Development Charges) covers infrastructure within the project, like internal roads and electricity lines",Applies to under-construction properties,"Current rate: 5% for non-affordable housing, 1% for affordable housing",Refers to your fractional ownership of the land where the building stands,"In Chennai, now registered under a single sale deed but still affects stamp duty and registration costs",Often calculated per square foot,,,Important for long-term value and redevelopment compensation,,,,,,,,,,,,,,,,,,,,No GST on ready-to-move-in properties with a completion certificate,,Property Taxes: Your Annual Contribution to the City,Maintenance and Society Charges: The Community Cost,Home Insurance: The Safety Net,,,"Buying a home is an exciting journey, and being informed is your best tool. Understanding these hidden costs isn't meant to discourage you; it’s about being ready and making a smart, confident choice. Focus on the total cost of ownership—from the initial one-time fees to the long-term ongoing expenses.",,,,,,,,,,,,,,,,,,,,,,,
68b5729c45ef028ae2726788,5,Under Construction vs. Ready-to-Move-In: Pros and Cons,"When embarking on your home-buying journey in India, one of the first decisions you'll face is choosing...","16 JUN,2025",6,0,blogImageUnderCons,,,Under Construction,Real Estate,,,UNDER CONSTRUCTION VS READY-TO-MOVE IN,Under Construction vs. Ready-to-Move-In: Pros and Cons,Weighing Your Options: Under Construction vs. Ready-to-Move-In Properties…,"When embarking on your home-buying journey in India, one of the first decisions you'll face is choosing between under-construction and ready-to-move-in properties. Both options have their merits and drawbacks, and understanding these can help you make an informed decision that aligns with your needs and financial goals.",blogDetailUnderConstruction,,Definition,,,,,,"Under-construction properties: Homes where construction is still ongoing or yet to start, but the plans and approvals are in place.",Ready-to-move-in properties: Fully completed homes that are immediately habitable and often include fixtures and built-in amenities.,,,,,,,,,,,,,,,,,,,,,,,,,,,,,Customization Options,,,,,"The flexibility to choose layouts, fixtures, and finishes based on personal preferences.","Limited scope for major changes but offers immediate use of existing features and amenities, such as pre-installed fixtures and modular kitchens.","Minor renovations can be carried out, but larger design changes are often not feasible.",,,,,,"Opportunity to make structural changes (subject to developer approval), allowing for a more customized home.",Ability to design spaces like kitchens and bathrooms more in tune with your personal style.,,,,,,,,,,,,,subtitle3,before,blogDetailUnderConstruction,Possession Timeline,Under-Construction Properties:,Ready-to-Move-In Properties,,,,,,,,Expect a waiting period of 2-4 years or longer depending on project complexity and size.,"Immediate possession and occupancy as soon as the deal is closed, with no uncertainty about move-in dates.",,,,,"Potential for delays due to factors such as supply chain issues, regulatory approvals, or financial problems faced by the developer.","Gradual payments made as per the construction-linked schedule, allowing flexibility in cash flow management.","No delays related to approvals or construction, allowing for quicker relocation.","Full payment required upfront, though this ensures there are no further financial obligations related to construction milestones.",,,,,,,,,,,,,,,Risk Assessment,Under-Construction Properties:,Ready-to-Move-In Properties,,,,"Possession risks: Delays in delivery can be caused by developer insolvency, financial mismanagement, or regulatory hurdles.","No construction-related risks: What you see is what you get, and there’s no concern about deviations from the promised build quality.",,"Quality concerns: The final product may not always match the specifications promised during the initial agreement. This includes potential discrepancies in materials, finishes, or overall build quality.","Immediate quality checks: Buyers can thoroughly inspect the property before purchase, ensuring the quality matches expectations.","Established neighborhoods: Ready-to-move-in homes are often in fully developed areas, meaning fewer surprises regarding the surrounding infrastructure.",,"GST Impact: Since GST is applicable on under-construction properties, it increases the overall cost for the buyer.",,,,"Financing, Cash Flow, and Exits",Under-Construction Properties:,Ready-to-Move-In Properties,,,"Financing: Some banks may be hesitant to finance under-construction projects unless the builder is reputed. However, staggered payments linked to construction milestones offer flexibility in managing your cash flow.",Financing: Easier to obtain as banks are more willing to provide loans for completed projects.,,,"Exit strategy: Exiting under-construction projects can be complicated, especially if there are construction delays or legal disputes. In some cases, finding buyers may be difficult if the project isn’t near completion.","Staggered payments: Allows buyers to plan their payments better, as opposed to making a lump-sum upfront payment.",,"Cash flow: Payment has to be made upfront, which requires immediate capital, making it less flexible for buyers managing their cash over time.","Exit strategy: Exiting a ready-to-move-in property is generally easier, as these homes are often in high demand in established areas.","In our next blog, we'll delve deeper into the financial implications of each option, helping you understand the long-term impact of your choice on your investment and lifestyle.",,,Price Differences and Potential Savings,under-construction properties:,Ready-to-move-in properties:,,,,,,"Often priced significantly lower than ready-to-move-in options, sometimes by 10-30%.","Provides opportunities to lock in pre-launch prices or early-bird discounts, offering additional savings for buyers.","Higher upfront costs due to immediate possession, as these homes come with fully established amenities and no waiting period.",Immediate value assessment is possible as you can gauge the property’s worth at the time of purchase.,,,,,"GST savings: Ready-to-move-in homes do not attract GST, while under-construction properties do, making them financially more advantageous in this regard.",,,,,,,,,,,,,,"The potential for price appreciation as the project nears completion, though this depends on market conditions.",,,,,,,,,,,Under-Construction Properties:,Ready-to-Move-In Properties,,,,"Choosing between under-construction and ready-to-move-in properties involves carefully weighing various factors. While under-construction properties offer potential cost savings and customization options, they come with inherent risks and a waiting period. Ready-to-move-in properties provide immediacy and certainty but at a higher price point. Consider your financial situation, risk tolerance, and immediate housing needs when making this important decision.",,,,,,,,,,,,,,,,,,,,,,,
68b5729c45ef028ae2726789,6,Financial Implications of Your Choice,"When deciding between under-construction and ready-to-move-in properties, it's crucial to consider the financial...","19 JUN,2025",6,0,blogImageFinancial,,,Under Construction,Ready to Move,,,UNDER CONSTRUCTION VS READY-TO-MOVE IN,Financial Implications of Your Choice,The Financial Impact: Under Construction vs. Ready-to-Move-In Properties,"When deciding between under-construction and ready-to-move-in properties, it's crucial to consider the financial implications of your choice. This blog explores the payment structures, tax benefits, and potential savings associated with each option to help you make an informed decision.",blogDetailFinancialImplications,Payment Schedules,Under-construction properties:,Ready-to-move-in properties:,,,,,Construction-linked payment plans,Lower initial investment,Lump-sum payment or shorter loan tenure,Higher upfront costs,,,Potential for staggered payments over 2-4 years,Immediate full ownership,,,,,,,,,,,,,,,,,,,,,,,Rental Savings Considerations,,,,,Continued rental expenses during construction,Immediate rental savings if for self-use,Instant rental income potential if for investment,,,,,,Potential for rental income loss if intended for investment,,,,,,,,,,,,,,,,,,,,,,,,,,,,,,,,,,,,,,,,,,,,,,,,,,,,,,,,,,,,,,,,,,,,,,,,,,,,,,,,,,"In our next blog, we'll explore strategies to mitigate risks in property purchases, ensuring you're well-equipped to make a safe and informed decision.",,,Tax Benefits,under-construction properties:,Ready-to-move-in properties:,,,,,,Interest paid during construction phase deductible up to ₹2 lakhs per year (Section 24),Deductions can be claimed after possession,Immediate tax benefits on interest and principal repayments,No accumulation of pre-EMI interest,,,,,Potential for higher initial tax savings,,,,,,,,,,,,,,Principal repayment benefits under Section 80C,,,,,,,,,,,Under-Construction Properties:,Ready-to-Move-In Properties:,,,,"The financial implications of choosing between under-construction and ready-to-move-in properties extend beyond the initial price tag. Consider your current financial situation, tax planning needs, and long-term goals when making this decision. While under-construction properties may offer lower initial costs and potential for appreciation, ready-to-move-in options provide immediate benefits and certainty.",,,,,,,,,,,,,,,,,,,,,"Let us understand with an example of buying a 2 BHK in Gurgaon. The locality, area, developer and flat types being the same. The only difference being that one is ready to move in vs the other which is under construction. The table below shows a clear difference in the annual outflow in year 1",,
68b80a184584ccb9dea02b8d,10,Building Wealth: Renting vs. Buying,The decision to rent or buy a home in India isn't just about finding a place to live—it's a crucial financial decision...,"01 OCT,2024",4,0,blogImagerentbuy,,,Renting,Buying,Wealth Building,,RENTING VS BUYING,Building Wealth: Renting vs. Buying,Wealth Creation Strategies: Renting vs. Buying in India's Property Market,"The decision to rent or buy a home in India isn't just about finding a place to live—it's a crucial financial decision that can significantly impact your wealth-building potential. In this final installment of our series, we'll explore how both renters and buyers can implement strategies to grow their wealth, helping you make an informed decision that aligns with your financial goals.",blogDetailBuildingWealth,Equity Building Through Homeownership,How Mortgage Payments Build Equity,Example:,Leveraging Home Equity for Wealth,,,,"When you buy a home with a mortgage, each monthly payment contributes to your home equity—the portion of your property that you truly own.",,For a ₹50 lakh home with a ₹40 lakh loan at 8% interest for 20 years:,Initial equity: ₹10 lakh (down payment),"As you build equity, you can leverage it for further wealth creation:",Home Equity Loans: Borrow against your equity for investments or major expenses,,Equity after 5 years: Approximately ₹15.5 lakh,,,Equity after 10 years: Approximately ₹24 lakh,Property Upgrades: Increase your home's value through strategic renovations,Rental Income: Use equity to invest in additional properties for rental income,,,,,,,,,This equity growth occurs through two mechanisms:,,,,,,Principal payments reducing your loan balance,Potential appreciation in your home's value,,Opportunity Costs and Financial Flexibility,,,,,Homeownership ties up a significant portion of your wealth in a single asset. Consider:,Renting offers:,Easier Relocation: For career opportunities or lifestyle changes,,,,,,Diversification: Renters can spread investments across various asset classes,Liquidity: Easier access to funds for renters compared to homeowners,Transaction Costs: Buying and selling property involves substantial costs,Lower Commitment: Ability to downsize or upgrade based on life stages,Reduced Responsibility: No long-term maintenance or repair obligations,,,,,,,,,,,,,Real Estate as a Long-Term Investment,Historical Property Appreciation in India,Rental Income Potential,,,,,,,,"While past performance doesn't guarantee future results, let's look at historical trends:",Regular Income: Monthly rental payments can offset mortgage costs,,,,,Average annual appreciation in major Indian cities: 5-10% over the past decade,Compound effect: A ₹50 lakh property growing at 7% annually could be worth ₹98 lakh after 10 years,Tax Benefits: Deductions available on rental property expenses,Long-term Appreciation: Benefit from both rental income and property value increase,,,,,,,,,,,,,,,Monthly expenses incurred by Renters Vs Homeowners,,,,,,,,,,,,,,,,,,,,,,,,,,,,,,,"Your choice should align with your financial situation, risk tolerance, and long-term goals. Remember, the best wealth-building strategy is one that you can consistently follow and adjust as your life circumstances change."," Ultimately, whether you choose to rent or buy, the key to building wealth lies in disciplined saving, smart investing, and making informed financial decisions that align with your unique situation and goals.","Now that we've explored the financial aspects of renting vs. buying, it's time to dive deeper into the practicalities of homeownership. Join us in our next series, ""Navigating the Home Buying Process,"" where we'll guide you through every step of purchasing your dream home in India. From choosing the right property to understanding home loans, we've got you covered!",Investment Potential While Renting,,Investing the Down Payment,Example:,Strategies for Renters to Build Wealth,,,,Renting doesn't mean missing out on wealth-building opportunities. Here's how renters can grow their wealth:,,"Instead of tying up a large sum in a down payment, renters can invest this money for potentially higher returns.",,Assuming you save the ₹10 lakh that would have been a down payment:,Invested in a diversified portfolio with an average 10% annual return,Systematic Investment Plans (SIPs): Regular investments in mutual funds,Stock Market Investments: Direct equity investments for potentially higher returns,,,,Traditional Investment in Gold: Direct investment in appreciating assets like Gold,Real Estate Investment Trusts (REITs): Participate in real estate markets without buying property,,,,,,,,,,,,,,,,,,,After 10 years: Your investment could grow to approximately ₹25.9 lakh,High-Yield Savings Accounts: For short-term goals and emergency funds,The Cost of Immobilized Capital,Flexibility in Career and Lifestyle Choices,,,,"Both renting and buying offer paths to wealth creation, each with its own advantages and considerations. Homeownership provides forced savings through equity building and potential appreciation, while renting offers flexibility and the opportunity to invest in potentially higher-yielding assets.",,,,,,,,,,,,,,,,,,,,,,,
68b80e704584ccb9dea02b92,12,The Long-Term Benefits of a Larger Down Payment,"As we conclude our series on down payments, it's time to explore why stretching your budget for a larger...","11 OCT,2024",2,0,blogImagelongterm,,,Down Payment,Home Loans,Finance,,DOWN PAYMENT,The Hidden Power of a Larger Down Payment: Long-Term Benefits Revealed,Cracking the Code: Home Loan Essentials for Indian First-Time Buyers,"As we conclude our series on down payments, it's time to explore why stretching your budget for a larger initial investment can yield significant long-term benefits. While the immediate impact of a bigger down payment is clear, its long-reaching effects on your financial health and homeownership experience are often overlooked. Let's uncover these hidden advantages.",,Reduced Interest Payments Over the Loan Term,How Down Payments Affect Total Interest Paid,Example:,Case Study: 20% vs. 40% Down Payment,Scenario A (20% down):,Scenario B (40% down):,,"The larger your down payment, the less you need to borrow, directly reducing your total interest payment.",,For a ₹1 Cr home with a 15-year loan at 8.5% interest:,20% down (₹80 lakh loan): Total interest paid ≈ ₹61.8 lakh,Let's compare two scenarios for a ₹1 Cr property:,,,40% down (₹60 lakh loan): Total interest paid ≈ ₹46.3 lakh,Down payment: ₹20 lakh,Loan amount: ₹80 lakh,Savings: ₹15.5 lakh over the loan term,,,"Monthly EMI (8.5% interest, 15 years): ₹78,779",Total interest paid: ₹61.8 lakh,,Down payment: ₹40 lakh,Loan amount: ₹60 lakh,"Monthly EMI (8.0% interest, 15 years): ₹57,339",Total interest paid: ₹43.2 lakh,Total Savings with Larger Down Payment: ₹18.6 lakh,,,,,,,,,,Building Instant Equity in Your Home,,,,,Equity = Property Value - Outstanding Loan Amount,,,,,,,,"With a larger down payment, you:",Have a greater ownership stake immediately,Benefit more from any property value appreciation,,,Have a financial cushion against market fluctuations,,,,,,,,,,,,Protection Against Market Fluctuations,Buffer Against Negative Equity,,,,,,,,,"In case of a market downturn, having more equity provides a buffer against negative equity situations.",,,,,,,,,,,,,,,,,,,,,,,,Improved Loan Terms and Options,Access to Better Interest Rates,Avoiding Private Mortgage Insurance (PMI),,,,"Lenders often offer lower interest rates for larger down payments, as it reduces their risk.","While not common in India, some lenders might require mortgage insurance for low down payment loans.",,,A larger down payment helps avoid this additional cost.,,,,,,,,,,,,,,,,,,,,,"Throughout this series, we've explored the multifaceted world of down payments – from understanding their basic concept to strategies for saving and the long-term benefits of going big. We've seen that far from being a burden, a down payment is a powerful tool in your homeownership journey.","A larger down payment offers numerous advantages: substantial interest savings over the life of your loan, lower monthly payments, instant equity, and better loan terms, making homeownership more affordable in the long run.","Join us as we dive into the complex world of home loans in our upcoming series, ""The Ultimate Guide to Home Loans for First-Time Home Buyers in India."" We'll break down loan types, eligibility criteria, and essential tips to help you navigate this crucial aspect of home buying.",Lower Monthly Mortgage Payments,Calculating Your Monthly Savings,What You Could Do with the Extra Cash Flow,,,,,,"A larger down payment not only reduces your loan amount but often secures a lower interest rate, significantly lowering your monthly EMI.",Using the case study above:,Invest in mutual funds or stocks for long-term growth,Pay off other debts faster,,,,,Increase your emergency fund,Invest in home improvements to increase property value,,,,,,,,,,,,,"Monthly savings: ₹78,779 - ₹57,339 = ₹21,440",,,,,,,,,,,Understanding Home Equity,,,,,,,,,,,,,,,,,,,,,,,,,,,,
68b8100e4584ccb9dea02b94,13,Strategies for Saving Down Payment,"In our previous blog, we explored the importance of down payments in the home buying process. Now...","08 OCT,2024",3,0,blogImagestrategies,,,Down Payment,Saving,Finance,,DOWN PAYMENT,Strategies for Saving Down Payment,Master Your Down Payment: Proven Savings Strategies for Indian Homebuyers,"In our previous blog, we explored the importance of down payments in the home buying process. Now, let's tackle the next challenge: how to save for that crucial initial investment. Whether you're aiming for the minimum 20% or striving for a larger down payment, these strategies will help you reach your goal faster and more efficiently.",blogDetailStrategies,Setting Realistic Savings Goals,Calculating Your Target Down Payment,Creating a Timeline for Savings,,,,,Decide on your ideal home price range,Determine the percentage you aim to put down (20-40%),Assess your current savings rate,Determine how much you can increase your savings,,,Calculate the total amount needed,Calculate the time needed to reach your goal,,,,,,,,,,,,,,,Example:,For a ₹1 Cr home with a 25% down payment goal:,Target down payment = ₹1 Cr × 25% = ₹25 lakh,,,,,,Boosting Your Income for Faster Savings,,,,,Freelancing on platforms like Upwork or Fiver,,,,,,,,Tutoring or online teaching,Selling handmade items on platforms like Amazon Handmade,"Participating in the gig economy (food delivery, ride-sharing)",,,,,,,,,,,,subtitle2,before,blogDetailStrategies,Investing for Short-Term Gains,"While saving, make your money work for you:",,,,,,,,,High-yield savings accounts,,,,,,Short-term fixed deposits,Liquid mutual funds,,,Caution: Stick to low-risk options for your down payment savings to ensure the funds are available when needed.,,,,,,,,,,,,,,Alternative Down Payment Sources,Family Gifts and Loans,Employer Assistance Programs,,,,Many Indian families assist with down payments. If considering this option:,Some companies offer housing assistance benefits. Check with your HR department about:,,Clearly define whether it's a gift or loan,Housing allowances,Low-interest loan programs,Down payment matching programs,Document the transaction for loan approval purposes,,,,,,,,,,,,,,,,,,"Saving for a down payment requires discipline and strategy, but with these techniques, you can reach your goal faster than you might think. Every rupee saved brings you closer to homeownership.",,"Join us in the final blog of this series, where we'll explore ""The Long-Term Benefits of a Larger Down Payment,"" helping you understand why stretching for a bigger down payment might be worth the effort.",Effective Budgeting Techniques,The 50/30/20 Rule for Budgeting,Cutting Expenses Without Sacrificing Quality of Life,,,,,,"50% for needs (rent, utilities, groceries)","30% for wants (entertainment, dining out)",Review and eliminate unnecessary subscriptions,Opt for home-cooked meals over dining out,,,,,Use public transport or carpooling to save on fuel costs,Look for free or low-cost entertainment options,,,,,,,,,,,,,20% for savings and debt repayment,Pro Tip: Allocate the entire 20% (or more) towards your down payment savings.,,,,,,,,,,Side Hustle Ideas in India,,,,,,,,,,,,,,,,,,,,,,,,,,,,
68c90e5d332705f1c9c1d788,20,Why Your Rent Never Stays Still,"It's a familiar feeling: you find the perfect apartment, agree on a fair rent, and feel financially secure...","16 SEP,2025",3,0,blogImagestrategies,,,Down Payment,Saving,Finance,,UNDERSTANDING RENTAL INFLATION,Why Your Rent Never Stays Still,Why Your Rent Never Stays Still,"It's a familiar feeling: you find the perfect apartment, agree on a fair rent, and feel financially secure. Then the annual rent renewal notice arrives. You brace yourself for a small increase, but this time it's 15% or 25%. This isn’t just a random rise; it's rental inflation, and it's affecting millions of people in India. In this blog, the first in our series, we'll explain what rental inflation is, why it happens, and how it poses a significant threat to your long-term financial stability.",blogDetailStrategies,The Urban Squeeze: Factors Driving Rent Hikes,Calculating Your Target Down Payment,,,,,,"The IT Sector’s Ripple Effect: After the pandemic, the return-to-office mandate for tech companies led to a sudden surge of professionals. With everyone looking for homes close to tech hubs, areas like Whitefield in Bengaluru and Gachibowli in Hyderabad experienced rent spikes of up to 35% in one year. However, the market is unstable. Due to recent hiring freezes and layoffs in the IT sector, rental demand is now slowing, with rents correcting by 5-10% in some areas. This shows how unpredictable a tenant's financial future can be.","The Supply-Demand Mismatch: Developers have increasingly concentrated on the high-end market, leaving a significant shortage of quality, affordable housing. This imbalance gives landlords the advantage, allowing them to set terms and prices.",,,,,"Appreciation & Yield: As property values have risen significantly—in some cities by 15-20% or more—landlords adjust rents to maintain their return on investment. This appreciation is a major driver of rental inflation, and it’s a cycle that continues.",,,,,,,,,,,,,,,,,,,,,,,,,,,,,,,,,,,,,,,,,,,,,,,,,,,subtitle2,before,blogDetailStrategies,,,,,,,,,,,,,,,,,,,,,,,,,,,,,,,,,,,,,,,,,,,,,,,,,,,,,,,,,,,,,,,,,,,,,EThe Final Word: The Rent-to-Own Equation,,,,,,,,"Understanding rental inflation is the first step to taking control of your financial future. While the rental market is fundamentally unpredictable and subject to these inflationary pressures, there is a way to achieve a more stable future.","Consider this: a property in a major city that rents for ₹35,000 per month may require an EMI of ₹80,000 to ₹1 Lakh to buy. While the monthly EMI is higher, it’s a fixed cost. Unlike rent, a home loan EMI stays the same, unaffected by market changes. Over time, as rent continues to rise, your EMI remains constant, eventually making homeownership not just a dream, but a financially sound and necessary strategy.",,,,,,,,,,,,,,,,,,,,,,,,,,,,,,,,,,,,,,,,,,,,,,,,,,,,,,,,,,,The Widening Gap: Why Your Salary Can't Keep Up,"Most companies are offering an average annual salary increase of 9-10%. Meanwhile, rental markets in major cities in India are moving at a different speed. In 2024, rental inflation in key areas of Bengaluru, Delhi, and Hyderabad jumped by 20-30% compared to the previous year. This means your rent is increasing two to three times faster than your salary."
68c91207332705f1c9c1d78b,21,The Home Price Myth: Demystifying Appreciation,"In our last blog, we talked about how rental inflation can strain your budget. Now, let's consider the other side...","16 SEP,2025",4,0,blogImagestrategies,,,Down Payment,Saving,Finance,,UNDERSTANDING RENTAL INFLATION,The Home Price Myth: Demystifying Appreciation,,"In our last blog, we talked about how rental inflation can strain your budget. Now, let's consider the other side: home price appreciation. For many, this is the main reason to buy a home; they believe its value will only go up. But is it really that simple? This blog will explain property appreciation and help find a balance between renting and buying.",blogDetailStrategies,The Power of Appreciation,,,,,,,"Home price appreciation is the increase in a property's value over time. It is the key way to build wealth through homeownership. In India, several factors drive this growth:",,,,,,,,,,,,,,,,,,,,,,,,,,,,,,,,,,,,,,,,,,,,,,,,,,,,,,,,,subtitle2,before,blogDetailStrategies,,,,,,,,,,,,,,,,,,,,,,,,,,,,,,,,,,,,,,,,,,,,,,,,,,,,,,,,,,,,,,,,,,This raises an important question: How can you find a solution that combines the stability of a fixed cost (like an EMI) with the potential for appreciation without facing the risks of market fluctuations? This is the dilemma we will address in our final blog.,,,,Infrastructure Growth:,The Urban Rush:,The Luxury Shift:,The Risk Behind the Reward:,The Bubble Effect:,Regional Differences:,The Final Word: The Rent-to-Own Solution,"The government's focus on infrastructure, such as new metro lines, flyovers, and expressways, is directly boosting price increases. For example, property values in areas near new metro lines in Hyderabad have risen by 15-25% over the past few years.",,"The ongoing migration to cities like Bengaluru, Mumbai, and Delhi-NCR keeps demand for housing high. In just the last five years, Bengaluru has experienced a remarkable 79% jump in real estate prices, making it a clear leader.",,"Developers are focusing more on high-margin luxury projects. This shortage of affordable homes raises prices across all segments, as buyers compete for limited options.",,"Appreciation Isn't Guaranteed While the numbers may seem encouraging, expecting constant appreciation is misleading. The market does not always move in one direction; there are times of stagnation and correction.",,,,,,,"Quick, unsustainable price increases can create affordability problems, leading to a drop in sales. For example, in the second quarter of 2024, Bengaluru's housing sales fell by 8% despite a 12% price rise, suggesting that the market might be reaching a peak in affordability.",,,,,"Appreciation varies by location. While prices in Bengaluru have skyrocketed, other cities like Chennai only saw a modest 21% increase during the same five-year period. The success of your investment depends heavily on its location and the local economy.",We have now looked at both sides: the unpredictability of rental inflation and the uncertainty of home price appreciation.,,,,,,,,,,,,,,,,,,,"Renting provides short-term flexibility but leaves you at risk of continuous rent increases with no long-term asset to show for it. Buying offers the possibility of an appreciating asset, but it comes with the risk of high prices in a fluctuating market. ",,,,,,,,,,,,,,,,,,,,,,,
68c917b7332705f1c9c1d78d,22,Making an Informed Housing Decision: Balancing Rental Inflation and Home Price Appreciation,"In our journey so far, we've explained the two main financial pressures in your life: rising rental costs","17 SEP,2025",5,0,blogImagestrategies,,,HOME LOANS,Finance,,,UNDERSTANDING RENTAL INFLATION,Making an Informed Housing Decision: Balancing Rental Inflation and Home Price Appreciation,,"In our journey so far, we've explained the two main financial pressures in your life: rising rental costs and fluctuating home prices. We've found that the traditional choice between renting and buying often leads to two unsatisfactory options. Now, let's look at a modern housing model that seeks to address this issue: Rent-to-Own (RTO).",blogDetailRentToOwn,The Impossible Gap: The Rent-vs-Buy Reality,The Renting Cost:,The Buying Barrier:,The Savings Struggle:,The Core Problem:,,,"The average rent for a 2BHK is around ₹30,000 per month. With a 10% yearly increase in rent, you'll spend nearly ₹20 Lakhs on rent over five years, with nothing to show for it.",,"To purchase a similar 2BHK apartment in the same city, you’ll need to consider a property price of at least ₹80 Lakhs. As a first-time homebuyer, you must have a down payment of at least 20%, which comes to ₹16 Lakhs.",,"Now, think about the reality. To save that ₹16 Lakhs for the down payment, a person would need to put away at least ₹25,000 each month for over five years without interruptions. With average rent at ₹30,000 and increasing living expenses, this level of saving is often impractical.",,,,You are financially stuck. Your rent is too high to let you save for the down payment you need to stop renting.,,,,,,,,,,,,,,,,,,,,,,The Honest Pros and Cons: Is It a Smart Choice?,,,,,"Shield Against Inflation: Your monthly payments are fixed, providing protection against the rental inflation we discussed earlier. A portion of your rent is not just an expense; it’s an investment in your future.",,,,,,,,"The Locked-in Price: The biggest benefit is protection from future price increases. If your home’s value goes up by 20% during your lease, you can still buy it at the original, lower price. This gives you immediate equity.",Try Before You Buy: RTO lets you 'test drive' the home and neighborhood before making a long-term financial commitment.,"Time to Build Finances: If your credit score is low or you haven’t saved enough for a full down payment, the RTO period allows you time to improve your financial situation and qualify for a home loan.",,,,,,,,,,,,,,,,The Cons (The RTO Risks),,,,,,,,,"Loss of Upfront Fee: If you choose not to buy the home or can't secure a home loan at the end of the term, you lose the non-refundable option fee and any rent credits you’ve built up.",,,,,,Potentially Higher Rent: The monthly rent in an RTO agreement is often slightly higher than the market rate to cover the rent credits.,"Market Risk: While RTO protects you from rising prices, you might end up overpaying if home values drop below the agreed price.",,,"Maintenance Liability: Some RTO agreements place the responsibility for maintenance and repairs on the tenant, leading to unexpected costs.",,,,,,,,,,,,,,The Final Takeaway: Making Your Decision,,,,,,"Rent-to-Own is not a perfect solution, but it offers a strong and balanced answer to today's housing challenges. It provides a meaningful pathway for those caught between wanting to own a home and facing market uncertainties.",,,,,,,,,,,,,,,,,,,,,,,,,,,,How Rent-to-Own Works in India: A Step-by-Step Guide,The Agreement:,The Option Fee:,The Lease Period:,The Decision Point:,,,,"You sign a legal contract with the developer or seller. This contract includes two main parts: a standard rental agreement and a purchase option clause. It states the lease term (usually 1-3 years), the monthly rent, and the set purchase price for the home.",,You pay a non-refundable 'option fee' upfront (generally 1-5% of the property value). This fee is separate from the rent and gives you the exclusive right to buy the home at the end of the term.,,You live in the home and pay rent as a tenant. Part of this monthly rent is counted as a 'rent credit' that goes toward your down payment. This setup helps turn your rent into a kind of forced savings.,,"At the end of the lease term, you can choose to buy the property at the agreed-upon price. You can then secure a home loan for the remaining amount, using your saved rent credits for the down payment.",,,,,,,,,,,,,,,,,,,,,,,,,,,The Pros (The RTO Advantage),,,,,"Ultimately, the best choice is the one that suits your individual circumstances. By understanding the full picture of rental inflation, home price changes, and the Rent-to-Own model, you can be a more informed and empowered decision-maker.",,,,,,,,,,,,,,,,,,,,,,,
